section,title,url
staff_picks,Smart Fridge,https://devpost.com/software/smart-fridge-9d8qyv
staff_picks,42,https://devpost.com/software/42-cqaj95
staff_picks,HackSat,https://devpost.com/software/hacksat
staff_picks,Chromelexa,https://devpost.com/software/chromelexa
staff_picks,HandWashMonitor,https://devpost.com/software/handwashmonitor
staff_picks,Center Scope,https://devpost.com/software/center-scope
staff_picks,Holdup,https://devpost.com/software/holdup
staff_picks,Shoebotics,https://devpost.com/software/shoebotics
staff_picks,Raw Manga Translator (3A),https://devpost.com/software/raw-manga-translator
staff_picks,NotificationsApp,https://devpost.com/software/notificationsapp
staff_picks,ResistAR,https://devpost.com/software/resistar
staff_picks,Holla!,https://devpost.com/software/holla-vkgquz
staff_picks,eyeBeacon,https://devpost.com/software/eyebeacon-ixzmb3
staff_picks,TwoSidedNews,https://devpost.com/software/twosidednews
staff_picks,Selfie Activism,https://devpost.com/software/selfie-activism
staff_picks,Yoogle,https://devpost.com/software/yoogle
staff_picks,AirBnBro,https://devpost.com/software/virtual-real-estate-agent
staff_picks,Gfytti,https://devpost.com/software/giffiti
staff_picks,null,https://devpost.com/software/play-by-play
staff_picks,060 - iTrash,https://devpost.com/software/itrash-qmx36k
staff_picks,Arduino Integrated Dumbbell,https://devpost.com/software/arduino-integrated-dumbbell
staff_picks,HackTube,https://devpost.com/software/hacktube
staff_picks,Go Alexa Go,https://devpost.com/software/go-alexa-go
staff_picks,Swagathon,https://devpost.com/software/swagathon-uif10m
staff_picks,Sumantha,https://devpost.com/software/sumantha
staff_picks,GBTLC,https://devpost.com/software/gbtlc
staff_picks,Aeye.space,https://devpost.com/software/aeye-space
staff_picks,EasyDial,https://devpost.com/software/easydial
staff_picks,Cube Runner - Staff Pick,https://devpost.com/software/cube-runner-24o38g
staff_picks,PopMidi,https://devpost.com/software/popmidi
staff_picks,echran,https://devpost.com/software/echran
staff_picks,visionOS,https://devpost.com/software/visionos
staff_picks,Hospital Adventure,https://devpost.com/software/get-well-holiday
staff_picks,Room service,https://devpost.com/software/room-service
staff_picks,eyeServant,https://devpost.com/software/test-submission-d5ubit
staff_picks,amp,https://devpost.com/software/amp
staff_picks,SMT Reflow Oven,https://devpost.com/software/smt-reflow-oven
staff_picks,Spot,https://devpost.com/software/irobot-42ajcm
staff_picks,Beyondagon,https://devpost.com/software/beyondagon
staff_picks,Autonomous Airplane Pushback Vehicle,https://devpost.com/software/airport-communication-vehicle
staff_picks,Pharmassist,https://devpost.com/software/intellisense
staff_picks,Amviewlate,https://devpost.com/software/amviewlate
staff_picks,Wind Power,https://devpost.com/software/wind-power
staff_picks,Selfie Stick Golf,https://devpost.com/software/selfie-stick-golf
staff_picks,The Grand Tour,https://devpost.com/software/the-grand-tour
staff_picks,Kine-Fanatic,https://devpost.com/software/kine-fanatic
staff_picks,Hack the Accessibility,https://devpost.com/software/hack-the-accessibility-pgfc9a
staff_picks,Project Firefly,https://devpost.com/software/project-firefly
staff_picks,Diffy,https://devpost.com/software/diffy-s3ifel
staff_picks,QuicKicks,https://devpost.com/software/edge-on-kicks
staff_picks,Brakedown,https://devpost.com/software/brakedown
staff_picks,Distill,https://devpost.com/software/distill
staff_picks,Tetr.js,https://devpost.com/software/actar-io
staff_picks,Braille Printer,https://devpost.com/software/braille-printer
staff_picks,Habbit,https://devpost.com/software/habbit
staff_picks,ImaTake,https://devpost.com/software/imashare-7zv4hn
staff_picks,Fizz Filter,https://devpost.com/software/fizzfilter
staff_picks,Jedi Maze Game,https://devpost.com/software/mazemotion
staff_picks,Stroke of Genius,https://devpost.com/software/smartracket
staff_picks,SurfShield,https://devpost.com/software/surfshield
staff_picks,IntelliKnee,https://devpost.com/software/intelliknee
staff_picks,Trojan - Automated Diabetic Retinopathy Detection,https://devpost.com/software/trojan-automated-diabetic-retinopathy-detection
staff_picks,Bob's Ramen,https://devpost.com/software/bob-s-ramen
staff_picks,Project Open Heart,https://devpost.com/software/project-open-heart
staff_picks,Talk Lock,https://devpost.com/software/talk-lock
staff_picks,UkeMaster,https://devpost.com/software/ukemaster
staff_picks,Theia,https://devpost.com/software/theia-tsmj24
staff_picks,PepperPay,https://devpost.com/software/pepperpay
staff_picks,Panny,https://devpost.com/software/panny
staff_picks,Smart Traffic,https://devpost.com/software/smart-traffic
staff_picks,autochime,https://devpost.com/software/chimehack3
staff_picks,Hinder,https://devpost.com/software/hinder
popular,Genopets,https://devpost.com/software/genopets-zs1la5
popular,StepN by Find Satoshi Lab,https://devpost.com/software/find-satoshi
popular,Soapy Finance,https://devpost.com/software/soapy-finance
popular,Bunny Army,https://devpost.com/software/jswap-finance
popular,DarleyGo,https://devpost.com/software/darleygo
popular,"Pinc (Stands for Personal, Inclusive and Collaborative)",https://devpost.com/software/pinc-stands-for-personal-inclusive-and-collaborative
popular,Lightning Network enabled Vending Machine,https://devpost.com/software/cryptovend-tablet-ui
popular,-,https://devpost.com/software/hera-njv7mw
popular,SolanaSail,https://devpost.com/software/solanasail
popular,Okex Fly Game,https://devpost.com/software/okex-fly-game
popular,OXS Timelock Staking App,https://devpost.com/software/oxs-timelock-staking-app
popular,Customer Experience – Shifting towards new normal,https://devpost.com/software/customer-experience-shifting-towards-new-normal
popular,Feed the need,https://devpost.com/software/feed-the-need-9a0wcx
popular,SportsIn,https://devpost.com/software/sportsin
popular,MeanFi,https://devpost.com/software/mean-dao
popular,SuperPay,https://devpost.com/software/superpay
popular,SAMAYAL STUFF,https://devpost.com/software/samayal-stuff
popular,TRAVIS-Traffic Realtime Assistant Via Internet Service,https://devpost.com/software/travis-traffic-realtime-assistant-via-internet-service
popular,Nirbhaya,https://devpost.com/software/nirbhaya
popular,Class Diagrams for Bitbucket,https://devpost.com/software/class-diagrams-for-bitbucket-u7fsp0
popular,Employee Connekt,https://devpost.com/software/employee-connekt
popular,PSY,https://devpost.com/software/demetergift-g8orhs
popular,Urban Reality - The Elevation of Perfection,https://devpost.com/software/urban-reality-the-elevation-of-perfection
popular,VserveU,https://devpost.com/software/vserveu
popular,ParkKing,https://devpost.com/software/parkking-dlf96r
popular,Lucidchart OnPrem for Confluence Server,https://devpost.com/software/lucidchart-onprem-for-confluence-server
popular,Freebie,https://devpost.com/software/careteam-nlz5jc
popular,AIMF,https://devpost.com/software/aimf
popular,Flutter Love ❤️,https://devpost.com/software/flutter-love
popular,CIGMA,https://devpost.com/software/cigma
popular,Cronforce Time Tracking for Jira,https://devpost.com/software/cronforce-time-tracking-for-jira-dis5by
popular,Lanatools,https://devpost.com/software/lanatools
popular,LowbCraft,https://devpost.com/software/lowbcraft
popular,NoQ,https://devpost.com/software/techpoint-submission-test
popular,CoTaxi,https://devpost.com/software/cotaxi
popular,Loser Squid Game,https://devpost.com/software/loser-land
popular,TIEXO - The Place Where Art Connects With Technology,https://devpost.com/software/tiexo-the-place-where-art-connects-with-technology
popular,The Mountaineer,https://devpost.com/software/travel-blog-community
popular,Medikare 1.0 - An integrated healthcare platform,https://devpost.com/software/medikare-1-0
popular,StreamFlow Finance,https://devpost.com/software/streamflow-finance
popular,Arena Eats,https://devpost.com/software/arena-eats
popular,Cosmicrafts,https://devpost.com/software/cosmicrafts-mu3eh9
popular,CelafaremoItalia,https://devpost.com/software/celafaremoitalia
popular,Psychopathology Assistant,https://devpost.com/software/psychopathology-assistant
popular,Maasto-101,https://devpost.com/software/bruiser-101
popular,CryptoHackers,https://devpost.com/software/cryptohackers
popular,Eimolad,https://devpost.com/software/eimolad
popular,Peer to Peer Freelancing Platform,https://devpost.com/software/peer-to-peer-freelancing-platform
popular,A,https://devpost.com/software/delta-one-protocol
popular,I For You.. Every Help Matters!,https://devpost.com/software/i-for-you-every-help-matters
popular,"IC Dinos - Hatching/Portal + ""Dino Survival"" P2E Game",https://devpost.com/software/ic-dinos-gen2-dinos-and-portal
popular,Predict Global Crises,https://devpost.com/software/predict-global-crises-u0hvy1
popular,AgentCare,https://devpost.com/software/agentcare
popular,SAMACHAR,https://devpost.com/software/samachar
popular,Breast cancer detection,https://devpost.com/software/breast-cancer-detection-8ci19y
popular,Joined Hands - Wipro Rapid Prototyping Team,https://devpost.com/software/joined-hands-wipro-rapid-prototyping-team
popular,Vaccine Distribution System,https://devpost.com/software/vaccine-distribution-system-rh10xp
popular,Stock price movement,https://devpost.com/software/stock-price-movement
popular,Crypto Cannabis,https://devpost.com/software/crypto-cannabis-8pds4f
popular,Banksea Finance,https://devpost.com/software/banksy-finance
popular,Pre-Cure,https://devpost.com/software/pre-cure
popular,Revamp Car MR,https://devpost.com/software/revamp-car-mr-2ztbcx
popular,CoD@Casa,https://devpost.com/software/cod-casa
popular,Everybody Dance Faster,https://devpost.com/software/everybody-dance-faster
popular,ChedliTaxi,https://devpost.com/software/chedli-taxi
popular,Earthworm Expeditions,https://devpost.com/software/earthworm-expeditions
popular,Hedgehog Eco Dash,https://devpost.com/software/hedgehog-frenzy
popular,ECU-AI Covid Scan-T1 #HackTechCOVID,https://devpost.com/software/ecu-ai-covid-scan-t1-hacktechcovid
popular,Team Ndovu: Klimup,https://devpost.com/software/klimup-qyei7a
popular,StoryScape_Agentforce,https://devpost.com/software/storyscape_agentforce
popular,StepShot Image Editor / Annotator for Confluence,https://devpost.com/software/stepshot-image-editor-annotator-for-confluence
popular,The Auger Network,https://devpost.com/software/the-auger-network-2uvmxz
google_chrome_ai_challenge,A-Eye Web Chat Assistant - Web AI for Inclusive Browsing,https://devpost.com/software/a-eye-web-chat-assistant-web-ai-for-inclusive-browsing
google_chrome_ai_challenge,Youtube Study Kit,https://devpost.com/software/youtube-study-kit-6vutf4
google_chrome_ai_challenge,Chrome-Built-in-AI-Manage-Extension,https://devpost.com/software/chrome-built-in-ai-manage-extension
google_chrome_ai_challenge,Aider - YouTube Summaries,https://devpost.com/software/aider-youtube-summaries
google_chrome_ai_challenge,SmartWebAI,https://devpost.com/software/smartbrowseai
google_chrome_ai_challenge,Insightify,https://devpost.com/software/insightify-6rh0sc
google_chrome_ai_challenge,DinoMind,https://devpost.com/software/dinomind-rx12d4
google_chrome_ai_challenge,Kode,https://devpost.com/software/kode-zie2w9
google_chrome_ai_challenge,StudySync,https://devpost.com/software/studysync-bctyea
google_chrome_ai_challenge,Codex,https://devpost.com/software/codex-vx9fsi
google_chrome_ai_challenge,docFiller,https://devpost.com/software/docfiller
google_chrome_ai_challenge,Nano OG,https://devpost.com/software/nano-og
google_chrome_ai_challenge,MediGuide,https://devpost.com/software/mediguide-87bfh0
google_chrome_ai_challenge,Self Operating Computer,https://devpost.com/software/self-operating-computer
google_chrome_ai_challenge,Gmail Assistant,https://devpost.com/software/gmail-assistant
google_chrome_ai_challenge,In-Chrome AI,https://devpost.com/software/google-chrome-built-in-ai-zyjaem
google_chrome_ai_challenge,KonoFood,https://devpost.com/software/konofood
google_chrome_ai_challenge,Here - Chrome extension with Built-in AI,https://devpost.com/software/here-chrome-extension-with-built-in-ai
google_chrome_ai_challenge,JarGone - Simple Language,https://devpost.com/software/jargone-easier-language
google_chrome_ai_challenge,Contextual help with Built-in AI,https://devpost.com/software/ai-selection-help
google_chrome_ai_challenge,ChromeSAHAYAK,https://devpost.com/software/ai-learner-lifad4
google_chrome_ai_challenge,QuickIntuit,https://devpost.com/software/quickintuit
google_chrome_ai_challenge,Jarvis,https://devpost.com/software/jarvis-aqc07b
google_chrome_ai_challenge,World Trip Planner,https://devpost.com/software/world-trip-planner
google_chrome_ai_challenge,Lexi,https://devpost.com/software/lexi-b5alne
google_chrome_ai_challenge,TextFlow Dev,https://devpost.com/software/textflow-dev
google_chrome_ai_challenge,QuizzyBrowser,https://devpost.com/software/quizzybrowser
google_chrome_ai_challenge,Freudify,https://devpost.com/software/freudify
google_chrome_ai_challenge,YT Timestamp Bookmark,https://devpost.com/software/yt-timestamp-bookmark
google_chrome_ai_challenge,QuickGist,https://devpost.com/software/quickgist-l3q9yg
google_chrome_ai_challenge,FindMarketDriver,https://devpost.com/software/findmarketdriver-gsq23h
google_chrome_ai_challenge,PDF Chat Assistant,https://devpost.com/software/pdf-chat-assistant
google_chrome_ai_challenge,Aiders,https://devpost.com/software/aiders
google_chrome_ai_challenge,Superwavy,https://devpost.com/software/superwavy
google_chrome_ai_challenge,Inquira,https://devpost.com/software/inquira
google_chrome_ai_challenge,ShopSavvy Nano,https://devpost.com/software/shopsavvy-nano
google_chrome_ai_challenge,Focus AI,https://devpost.com/software/focus-ai
google_chrome_ai_challenge,Clariff,https://devpost.com/software/clariff
google_chrome_ai_challenge,SumMate,https://devpost.com/software/summate
google_chrome_ai_challenge,Content Curtain,https://devpost.com/software/contentcurtain
google_chrome_ai_challenge,Study bubby,https://devpost.com/software/study-bubby
google_chrome_ai_challenge,NanoScope,https://devpost.com/software/nanoscope-1vx5r0
google_chrome_ai_challenge,Youtube Comment Summarizer,https://devpost.com/software/youtube-comment-summarizer
google_chrome_ai_challenge,FocusedFind,https://devpost.com/software/focusedfind
google_chrome_ai_challenge,AI Super Assistant: Your Chrome-Powered AI Companion,https://devpost.com/software/ai-super-assistant-your-chrome-powered-ai-companion
google_chrome_ai_challenge,AI Japanese Tutor,https://devpost.com/software/ai-japanese-tutor
google_chrome_ai_challenge,Ez-Answer AI,https://devpost.com/software/ez-answer-ai
google_chrome_ai_challenge,QuickText Rewriter,https://devpost.com/software/quicktext-rewriter
google_chrome_ai_challenge,Locked In,https://devpost.com/software/locked-in-s0bk68
google_chrome_ai_challenge,QuestScout,https://devpost.com/software/teenyai
google_chrome_ai_challenge,AI-powered travel assistant Chrome extension,https://devpost.com/software/ai-powered-travel-assistant-chrome-extension
google_chrome_ai_challenge,Dyslexic Friendly Reader,https://devpost.com/software/dyslexic-friendly-reader
google_chrome_ai_challenge,GemiTab,https://devpost.com/software/gemitab
google_chrome_ai_challenge,Glance2Web,https://devpost.com/software/glance2web
google_chrome_ai_challenge,Bookmarks PRO,https://devpost.com/software/bookmarks-pro
google_chrome_ai_challenge,Highlights AI,https://devpost.com/software/highlights-ai
google_chrome_ai_challenge,Parsnip- Chrome Extension to Semantic Search across All Tabs,https://devpost.com/software/parsnip-semantically-search-and-save-snippets-of-text
google_chrome_ai_challenge,AI Learner,https://devpost.com/software/ai-learner-xhs7y9
google_chrome_ai_challenge,Local AI Proofreader Profiles,https://devpost.com/software/local-ai-proofreader-profiles
google_chrome_ai_challenge,Explainium,https://devpost.com/software/explainium
google_chrome_ai_challenge,Scandy AI - Shop & Save,https://devpost.com/software/qeweqw
google_chrome_ai_challenge,Sachi Sakhi,https://devpost.com/software/sachi-sakhi
google_chrome_ai_challenge,Context Aware Word & Phrase Blocker,https://devpost.com/software/context-aware-word-phrase-blocker
google_chrome_ai_challenge,ToneLift AI,https://devpost.com/software/tonelift-ai
google_chrome_ai_challenge,WordFusion,https://devpost.com/software/wordfusion
google_chrome_ai_challenge,Audio Translation,https://devpost.com/software/audio-translation
google_chrome_ai_challenge,Smart Summarize,https://devpost.com/software/smart-summarize
google_chrome_ai_challenge,Dietary Navigation,https://devpost.com/software/dietary-navigation
google_chrome_ai_challenge,Speechee,https://devpost.com/software/speechee
google_chrome_ai_challenge,Hue & You,https://devpost.com/software/hue-you
google_chrome_ai_challenge,Job Tracker,https://devpost.com/software/job-tracker-4qvbuf
google_chrome_ai_challenge,Summify - A Web Page Summarizer,https://devpost.com/software/summify-a-web-page-summarizer
built_with_flutter,ClarityCam,https://devpost.com/software/claritycam
built_with_flutter,Sleep Fixer,https://devpost.com/software/sleep-fixer-7uzlwe
built_with_flutter,StoryGen,https://devpost.com/software/storygen-zbn07u
built_with_flutter,CivicSense,https://devpost.com/software/civicsense-o9ya8z
built_with_flutter,Fishbox app,https://devpost.com/software/fishbox-app
built_with_flutter,HemaSphere,https://devpost.com/software/hemasphere
built_with_flutter,SwipeBoy,https://devpost.com/software/swipeboy
built_with_flutter,V-clean,https://devpost.com/software/v-clean
built_with_flutter,Preggify,https://devpost.com/software/preggify
built_with_flutter,Xplore,https://devpost.com/software/xplore-igc0lz
built_with_flutter,Swift Prep,https://devpost.com/software/swift-prep
built_with_flutter,Saarthi,https://devpost.com/software/saarthi-9ia57e
built_with_flutter,sonix,https://devpost.com/software/sonix
built_with_flutter,Humanly,https://devpost.com/software/humanly-1eram2
built_with_flutter,WANIGO!,https://devpost.com/software/wanigo
built_with_flutter,Nemes Spark,https://devpost.com/software/nemes-spark
built_with_flutter,Traverz,https://devpost.com/software/traverz
built_with_flutter,CarSafe App,https://devpost.com/software/carsafe-app
built_with_flutter,RepSet,https://devpost.com/software/repset
built_with_flutter,Mentorful,https://devpost.com/software/mentorful-wqhcid
built_with_flutter,Budget Buddy,https://devpost.com/software/budget-buddy-4wxbnc
built_with_flutter,PCOSense,https://devpost.com/software/pcosense
built_with_flutter,Gauge,https://devpost.com/software/gaugeai
built_with_flutter,Damkar-IN,https://devpost.com/software/damkar-in
built_with_flutter,fluffi,https://devpost.com/software/fluffi
built_with_flutter,Biomap,https://devpost.com/software/biomap
built_with_flutter,DocFusion,https://devpost.com/software/docfusion
built_with_flutter,Quotor,https://devpost.com/software/quotor
built_with_flutter,shop flow,https://devpost.com/software/sable
built_with_flutter,Empower Fix,https://devpost.com/software/empower-fix
built_with_flutter,smart health gaurd,https://devpost.com/software/smart-health-gaurd-1jl5ag
built_with_flutter,smart health gaurd,https://devpost.com/software/smart-health-gaurd-592mbg
built_with_flutter,Stride,https://devpost.com/software/stride-6yb0ra
built_with_flutter,smart health gaurd,https://devpost.com/software/smart-health-gaurd-zos60u
built_with_flutter,Foodee,https://devpost.com/software/foodee
built_with_flutter,PayOff,https://devpost.com/software/payoff-z4f9cd
built_with_flutter,Park Easy,https://devpost.com/software/park-easy-0tejnl
built_with_flutter,Medeté,https://devpost.com/software/medete
built_with_flutter,PRAGYA –Wisdom in Practice,https://devpost.com/software/pragya-your-ai-wellness-companion-rooted-in-sanskrit-wisdom
built_with_flutter,Vyapaari Ai,https://devpost.com/software/vyapaari-ai
built_with_flutter,CitySync,https://devpost.com/software/citysync
built_with_flutter,Super Senior,https://devpost.com/software/supersenior
built_with_flutter,Battery Saver,https://devpost.com/software/battery-saver-4pukli
built_with_flutter,TGU Insight: Motion Analytics for Functional Strength,https://devpost.com/software/tgu-insight-motion-analytics-for-functional-strength
built_with_flutter,AI-Powered Personal fitness innovation app,https://devpost.com/software/ai-powered-personal-fitness-innovation-app
built_with_flutter,Agrolytix by Agrobot & Technologies,https://devpost.com/software/agrolytix-by-agrobot-technologies
built_with_flutter,FlexiLearn: The Adaptive Assessment Platform,https://devpost.com/software/flexilearn-the-adaptive-assessment-platform-k58f2p
built_with_flutter,Scanwich,https://devpost.com/software/scanwich-kge9dm
built_with_flutter,BrainHackers - WokeScroll,https://devpost.com/software/wokescroll
built_with_flutter,ExerAI,https://devpost.com/software/exerai
built_with_flutter,FIANNCIAL MANAGEMENT SYSTEM USING BLOCKCHAIN TECHNOLOGY,https://devpost.com/software/fianncial-management-system-using-blockchain-technology
built_with_flutter,Symbiosis,https://devpost.com/software/symbiosis-625loj
built_with_flutter,Tap2Wifi,https://devpost.com/software/tap2wifi
built_with_flutter,TenderIQ,https://devpost.com/software/tenderiq-52osev
built_with_flutter,LIYIL,https://devpost.com/software/liyil
built_with_flutter,SERP Surg3on: Multi-Agent SEO Optimizer,https://devpost.com/software/serp-surg3on-multi-agent-seo-optimizer
built_with_flutter,Fact Checked,https://devpost.com/software/fact-checked
built_with_flutter,EchoMed AI,https://devpost.com/software/econexus-xlh4c5
built_with_flutter,Star Seeker,https://devpost.com/software/star-seeker-1v4qzi
built_with_flutter,Tau,https://devpost.com/software/draft-ogfl2j
built_with_flutter,Gauge,https://devpost.com/software/gauge-exndlc
built_with_flutter,SupplyMe,https://devpost.com/software/supplyme-g2vw46
built_with_flutter,Swivora,https://devpost.com/software/swivora
built_with_flutter,ZimaHealth Connect Lite,https://devpost.com/software/zimahealth-connect-lite
built_with_flutter,GlobeGreet,https://devpost.com/software/globegreet
built_with_flutter,Star Seeker,https://devpost.com/software/star-seeker-fkhctg
built_with_flutter,Alzi,https://devpost.com/software/alzi-nmkui7
built_with_flutter,Ducky AI: Duolingo For Deaf Individuals,https://devpost.com/software/ducky-ai-duolingo-for-deaf-individuals
built_with_flutter,Lucilla AI Agent Game Studio,https://devpost.com/software/lucilla-ai-agent-game-studio
built_with_flutter,TranslateGPT,https://devpost.com/software/neuropulse
built_with_flutter,Cognscient: Your Memory Friend,https://devpost.com/software/cognscient-your-memory-friend
built_with_flutter,CryptoFunding,https://devpost.com/software/cryptofunding
